territorio,popolazione,reddito_2019,over65,over80,perc_65,perc_80,adi_utenti,adi_spesa_tot,adi_spesa_utente,adi_spesa_anziano,sad_utenti,sad_spesa_tot,sad_spesa_utente,sad_spesa_anziano,rsa_utenti,rsa_spesa_tot,rsa_spesa_utente,rsa_spesa_anziano,spesa_tot,ricoveri_pat,perc_ricoveri,ricoveri_pat_c,perc_ricoveri_c
Pesaro,95152,21950.7907783837,23676,7540,24.88,7.92,82,77239,941.939024390244,3.26233316438588,46,420675,9145.10869565217,17.7679929042068,82,2523339,30772.4268292683,106.577927014698,3021253,1066,7.68,4151592.94108205,8.61
Ancona,99077,23009.7022122899,24952,8163,25.18,8.24,0,0,,0,101,437388,4330.57425742574,17.5291760179545,70,5440,77.7142857142857,0.218018595703751,442828,1225,7,5054920.39961579,8.32
Macerata,41047,21825.4338497811,10609,3551,25.85,8.65,0,0,,0,133,331197,2490.2030075188,31.2184937317372,0,0,,0,331197,361,6.38,1544772.98043504,7.86
Ascoli Piceno,47404,20828.568198524,12861,4380,27.13,9.24,0,0,,0,80,205933,2574.1625,16.0122074488765,4,67946,16986.5,5.28310395770158,273879,500,6.75,2127334.17463485,8.27
Fermo,36812,18820.4276444375,9063,3096,24.62,8.41,0,0,,0,74,216445,2924.93243243243,23.882268564493,0,0,,0,216445,470,7.85,2258053.53186134,10.86
Altidona,3497,18128.1199331383,641,190,18.33,5.43,0,0,,0,0,0,,0,0,0,,0,0,24,4.8,118514.6482518,6.82
Amandola,3443,17937.002422285,898,332,26.08,9.64,0,0,,0,4,11597,2899.25,12.9142538975501,0,0,,0,11597,51,11.02,255556.9702195,15.89
Apecchio,1784,15784.8348214286,518,167,29.04,9.36,0,0,,0,7,12284,1754.85714285714,23.7142857142857,0,0,,0,12284,17,6.01,72978.5722828001,7.42
Apiro,2129,17054.9089775561,565,217,26.54,10.19,0,0,,0,4,21262,5315.5,37.6318584070797,4,107133,26783.25,189.61592920354,128395,38,10.73,164539.7312728,13.38
Appignano,4119,18502.7477626782,981,348,23.82,8.45,0,0,,0,12,65154,5429.5,66.4159021406728,10,1071,107.1,1.09174311926606,66225,30,5.61,128356.9840297,6.91
Appignano del Tronto,1711,16134.4956997654,454,158,26.53,9.23,0,0,,0,5,5000,1000,11.0132158590308,0,0,,0,5000,18,6.41,73779.4864386399,7.56
Arcevia,4363,16789.8581061272,1416,510,32.45,11.69,0,0,,0,4,20171,5042.75,14.2450564971751,0,0,,0,20171,58,7.46,263600.501231,9.77
Acqualagna,4321,17612.0009630819,955,299,22.1,6.92,0,0,,0,13,22814,1754.92307692308,23.8890052356021,0,0,,0,22814,50,7.54,215111.64620557,9.34
Acquasanta Terme,2646,15141.0354066986,808,266,30.54,10.05,0,0,,0,1,3827,3827,4.73638613861386,0,0,,0,3827,50,12.25,227914.07963384,16.08
Acquaviva Picena,3705,17341.6392676276,824,245,22.24,6.61,0,0,,0,0,0,,0,0,0,,0,0,48,8.62,180893.84386785,9.35
Agugliano,4810,20750.154491018,959,265,19.94,5.51,0,0,,0,3,18150,6050,18.9259645464025,0,0,,0,18150,37,5.26,175924.0744769,7.19
Arquata del Tronto,1061,15647.0483271375,355,133,33.46,12.54,0,0,,0,0,0,,0,0,0,,0,0,21,10.29,84830.151936,11.97
Barbara,1303,19576.884057971,354,117,27.17,8.98,0,0,,0,0,0,,0,0,0,,0,0,14,6.83,61959.5114015,8.7
Bolognola,143,16188.7476635514,39,8,27.27,5.59,0,0,,0,1,1693,1693,43.4102564102564,0,0,,0,1693,2,7.14,9969.8154292,10.25
Borgo Pace,551,14220.5731414868,186,78,33.76,14.16,0,0,,0,0,0,,0,0,0,,0,0,16,14.04,70905.5791003,17.91
Campofilone,1929,16662.4923747277,458,156,23.74,8.09,0,0,,0,0,0,,0,0,0,,0,0,18,6.79,80867.0384984,8.79
Camporotondo di Fiastrone,515,17440.45,129,45,25.05,8.74,1,104,104,0.806201550387597,1,7931,7931,61.4806201550388,0,0,,0,8035,3,4.55,15371.3078534,6.71
Cantiano,2112,15410.4710640946,704,259,33.33,12.26,0,0,,0,9,15794,1754.88888888889,22.4346590909091,0,0,,0,15794,35,9.16,149990.63547594,11.3
Carassai,1004,15191.2527777778,307,99,30.58,9.86,0,0,,0,0,0,,0,0,0,,0,0,14,8.09,53337.1006293401,8.88
Cartoceto,7896,17834.7516048502,1507,445,19.09,5.64,0,0,,0,0,0,,0,0,0,,0,0,80,6.61,351923.96598955,8.37
Castelbellino,5010,19609.9217316514,897,276,17.9,5.51,0,0,,0,3,10835,3611.66666666667,12.0791527313266,7,187483,26783.2857142857,209.011148272018,198318,39,6.06,164469.19134887,7.35
Castelfidardo,18306,20403.5281765425,3841,1218,20.98,6.65,0,0,,0,8,17763,2220.375,4.62457693309034,0,0,,0,17763,147,5.42,646732.68948107,6.87
Belforte all'Isauro,732,18179.8418972332,168,58,22.95,7.92,0,0,,0,1,1309,1309,7.79166666666667,0,0,,0,1309,9,8.82,35361.24649577,9.98
Belforte del Chienti,1821,19458.25,414,124,22.73,6.81,0,0,,0,3,23795,7931.66666666667,57.475845410628,0,0,,0,23795,13,5.46,52911.7397068,6.4
Belmonte Piceno,614,15671.756440281,188,81,30.62,13.19,0,0,,0,0,0,,0,0,0,,0,0,2,1.85,9485.29830690002,2.53
Belvedere Ostrense,2155,17048.5377777778,529,208,24.55,9.65,0,0,,0,2,7224,3612,13.65595463138,4,107133,26783.25,202.519848771267,114357,35,10.14,150431.7306673,12.55
Cagli,8376,17385.805664702,2268,791,27.08,9.44,0,0,,0,30,52646,1754.86666666667,23.2125220458554,0,0,,0,52646,114,7.82,523514.01979287,10.34
Caldarola,1705,18672.8467465753,387,161,22.7,9.44,0,0,,0,3,23795,7931.66666666667,61.4857881136951,0,0,,0,23795,6,2.73,20495.0454331,2.68
Camerano,7242,21251.2277586865,1678,568,23.17,7.84,0,0,,0,5,14349,2869.8,8.55125148986889,0,0,,0,14349,80,7.22,354005.7826166,9.2
Camerata Picena,2550,20323.7643835616,428,122,16.78,4.78,0,0,,0,0,0,,0,0,0,,0,0,26,6.7,116877.5076816,8.67
Carpegna,1644,17327.1812080537,386,127,23.48,7.73,0,0,,0,3,3928,1309.33333333333,10.1761658031088,0,0,,0,3928,21,8.94,87212.72580284,10.68
Castel di Lama,8507,18160.7110995851,1695,494,19.92,5.81,0,0,,0,17,17000,1000,10.0294985250737,0,0,,0,17000,82,6.95,347642.43464047,8.48
Castelleone di Suasa,1589,16830.1180274859,403,144,25.36,9.06,0,0,,0,0,0,,0,0,0,,0,0,27,9.68,119350.699798,12.32
Castelplanio,3525,19561.3598188555,803,256,22.78,7.26,0,0,,0,3,10835,3611.66666666667,13.4931506849315,6,160699,26783.1666666667,200.123287671233,171534,53,9.09,223265.1243696,11.03
Castelraimondo,4442,19470.9442168295,1116,349,25.12,7.86,0,0,,0,3,21057,7019,18.8682795698925,40,34000,850,30.4659498207885,55057,48,7.09,211933.0410877,9.01
Castelsantangelo sul Nera,248,16881.8020304569,91,35,36.69,14.11,0,0,,0,2,3386,1693,37.2087912087912,14,332588,23756.2857142857,3654.81318681319,335974,5,11.11,20767.6817104,13.29
Castignano,2684,16990.7513812155,715,257,26.64,9.58,0,0,,0,7,7000,1000,9.79020979020979,0,0,,0,7000,31,7.58,132024.43392277,9.29
Castorano,2300,16653.5302939412,581,187,25.26,8.13,0,0,,0,6,6000,1000,10.3270223752151,0,0,,0,6000,18,5.34,80544.9800612,6.88
Cerreto d'Esi,3528,19103.544892916,778,228,22.05,6.46,0,0,,0,2,10086,5043,12.9640102827764,36,931688,25880.2222222222,1197.54241645244,941774,52,8.93,203622.839037,10.07
Cessapalombo,457,16399.4629080119,124,53,27.13,11.6,0,0,,0,1,7931,7931,63.9596774193548,0,0,,0,7931,9,12.5,34641.49213267,13.85
Colmurano,1222,17089.4520231214,303,106,24.8,8.67,0,0,,0,2,15863,7931.5,52.3531353135314,0,0,,0,15863,14,10.14,52707.59331147,11
Comunanza,3010,16965.9700322729,676,235,22.46,7.81,0,0,,0,3,8698,2899.33333333333,12.8668639053254,0,0,,0,8698,29,6.53,135756.70538157,8.8
Corinaldo,4900,17972.0056772101,1306,441,26.65,9,0,0,,0,0,0,,0,0,0,,0,0,64,7.63,269396.7744156,9.24
Cossignano,908,16205.5903614458,264,105,29.07,11.56,0,0,,0,0,0,,0,0,0,,0,0,9,6.72,41519.89231957,8.92
Esanatoglia,1934,18323.8320870156,524,189,27.09,9.77,0,0,,0,2,14038,7019,26.7900763358779,71,1792945,25252.7464788732,3421.65076335878,1806983,19,5.48,77758.0308731,6.45
Fabriano,30328,21010.2326308312,7505,2451,24.75,8.08,0,0,,0,23,115983,5042.73913043478,15.4540972684877,0,0,,0,115983,296,5.94,1264735.43078134,7.31
Fiastra,646,16703.8225806452,210,83,32.51,12.85,0,0,,0,4,6772,1693,32.2476190476191,0,0,,0,6772,7,6.36,32539.7008034,8.52
Fossombrone,9289,18929.5888362452,2280,715,24.55,7.7,0,0,,0,39,83989,2153.5641025641,36.8372807017544,43,184523,4291.23255813954,80.9311403508772,268512,112,7.51,489809.86026488,9.45
Francavilla d'Ete,921,16593.2897897898,265,91,28.77,9.88,0,0,,0,0,0,,0,0,0,,0,0,7,5.15,31207.9716212,6.61
Camerino,6692,22222.9608686304,1791,596,26.76,8.91,0,0,,0,31,52481,1692.93548387097,29.3026242322725,0,0,,0,52481,71,7.3,306676.3924779,9.07
Chiaravalle,14735,20344.7146278379,3664,1148,24.87,7.79,0,0,,0,0,0,,0,36,687450,19095.8333333333,187.622816593886,687450,164,6.86,700150.745625541,8.44
Cingoli,9912,17728.230428769,2437,831,24.59,8.38,0,0,,0,16,81640,5102.5,33.5002051702914,20,535665,26783.25,219.805088223225,617305,112,7.8,465596.2967244,9.33
Corridonia,15196,18401.5803103875,3267,1009,21.5,6.64,0,0,,0,1,2076,2076,0.63544536271809,30,549926,18330.8666666667,168.327517600245,552002,113,5.25,523305.40576997,7
Cupra Marittima,5401,18048.2356654392,1332,439,24.66,8.13,0,0,,0,0,0,,0,34,13721,403.558823529412,10.3010510510511,13721,42,5.21,178306.39707477,6.37
Cupramontana,4507,18276.750456482,1216,439,26.98,9.74,0,0,,0,8,34618,4327.25,28.46875,10,267832,26783.2,220.256578947368,302450,97,12.61,396695.0035712,14.85
Falconara Marittima,25780,21430.4629511338,7060,2244,27.39,8.7,0,0,,0,34,152448,4483.76470588235,21.5932011331445,0,0,,0,152448,359,8.12,1506626.66971587,9.81
Falerone,3249,16300.7078993056,842,322,25.92,9.91,0,0,,0,0,0,,0,0,0,,0,0,33,6.67,157510.7902939,9.16
Fano,60411,21266.2292733784,14231,4634,23.56,7.67,0,0,,0,51,154073,3021.03921568627,10.8265757852575,44,793885,18042.8409090909,55.7856088820181,947958,720,7.63,3070534.66416927,9.36
Fermignano,8359,18952.366575902,1632,487,19.52,5.83,0,0,,0,14,22131,1580.78571428571,13.5606617647059,0,0,,0,22131,108,8.23,477337.688914171,10.47
Filottrano,9259,18753.2287914004,2123,709,22.93,7.66,0,0,,0,8,28894,3611.75,13.6099858690532,17,455315,26783.2352941177,214.467734338201,484209,84,6.21,342986.9042793,7.3
Fiuminata,1311,18812.3696098563,435,147,33.18,11.21,0,0,,0,1,7019,7019,16.135632183908,0,0,,0,7019,18,7.69,81998.5146753,10.09
Folignano,9142,18691.5432038835,1826,463,19.97,5.06,0,0,,0,5,10674,2134.8,5.84556407447974,0,0,,0,10674,67,5.12,263765.79514774,5.81
Force,1235,15459.548245614,336,104,27.21,8.42,0,0,,0,1,2899,2899,8.62797619047619,0,0,,0,2899,39,18.48,170934.66139497,23.32
Fratte Rosa,917,15525.9700149925,253,97,27.59,10.58,0,0,,0,0,0,,0,0,0,,0,0,8,4.88,29814.763876,5.23
Frontino,287,14762.8256410256,79,25,27.53,8.71,0,0,,0,1,1309,1309,16.5696202531646,0,0,,0,1309,9,18,42024.9991103,24.2
Frontone,1237,16245.5949098621,337,109,27.24,8.81,0,0,,0,5,8774,1754.8,26.0356083086053,0,0,,0,8774,27,10.84,124757.3107894,14.43
Gabicce Mare,5727,17479.586047586,1443,450,25.2,7.86,0,0,,0,0,0,,0,0,0,,0,0,78,9.51,309926.26016966,10.88
Gagliole,585,17716.890625,142,44,24.27,7.52,0,0,,0,0,0,,0,0,0,,0,0,2,1.92,9485.29830690002,2.63
Gradara,4884,18044.3973112128,790,208,16.18,4.26,0,0,,0,0,0,,0,0,0,,0,0,45,7.18,186970.82481768,8.59
Grottammare,16063,19400.9453636364,3541,1092,22.04,6.8,0,0,,0,0,0,,0,0,0,,0,0,175,6.91,765406.47560964,8.71
Grottazzolina,3273,17361.5268355517,740,260,22.61,7.94,0,0,,0,0,0,,0,0,0,,0,0,33,6.92,145967.9153977,8.81
Gualdo,750,15123,277,99,36.93,13.2,0,0,,0,2,15863,7931.5,57.2671480144404,25,569400,22776,2055.59566787004,585263,8,5.93,34087.5060185,7.27
Jesi,39579,21623.8092203768,9867,3299,24.93,8.34,0,0,,0,37,133635,3611.75675675676,13.5436302827607,80,2142659,26783.2375,217.154048849701,2276294,446,7.32,1891690.67744054,8.94
Lapedona,1174,17365.1045296167,323,95,27.51,8.09,0,0,,0,0,0,,0,0,0,,0,0,13,5.65,65569.0372963001,8.21
Loreto,12900,19189.0469022688,2928,985,22.7,7.64,0,0,,0,11,64876,5897.81818181818,22.1571038251366,0,0,,0,64876,151,7.57,672351.4942843,9.7
Loro Piceno,2277,17102.1150141643,663,278,29.12,12.21,0,0,,0,5,39658,7931.6,59.815987933635,25,622828,24913.12,939.408748114631,662486,22,8.15,103740.3491975,11.06
Lunano,1474,19272.2707910751,273,79,18.52,5.36,0,0,,0,2,2619,1309.5,9.59340659340659,0,0,,0,2619,15,6.25,65775.7995741001,7.89
Magliano di Tenna,1424,17479.0791075051,297,97,20.86,6.81,0,0,,0,0,0,,0,0,0,,0,0,13,5.06,63418.1813356,7.1
Maiolati Spontini,6200,19764.6243130358,1516,446,24.45,7.19,0,0,,0,6,21670,3611.66666666667,14.2941952506596,12,321399,26783.25,212.004617414248,343069,89,10.39,353545.82900927,11.88
Genga,1701,19092.9743589744,506,194,29.75,11.41,0,0,,0,1,5043,5043,9.96640316205534,1,3195,3195,6.31422924901186,8238,22,7.41,88725.39561427,8.6
Isola del Piano,554,18680.3755980861,135,58,24.37,10.47,0,0,,0,0,0,,0,0,0,,0,0,12,13.95,47570.1842954,15.93
Macerata Feltria,1979,17918.15395189,534,180,26.98,9.1,0,0,,0,4,5238,1309.5,9.80898876404494,0,0,,0,5238,27,8.44,113788.24221834,10.24
Maltignano,2322,17811.4263224181,517,164,22.27,7.06,0,0,,0,0,0,,0,0,0,,0,0,18,5.44,76944.0226618,6.69
Massa Fermana,908,16413.5123152709,243,85,26.76,9.36,0,0,,0,0,0,,0,0,0,,0,0,4,3.88,18970.5966138,5.3
Massignano,1641,16304.9908256881,389,131,23.71,7.98,0,0,,0,0,0,,0,0,0,,0,0,20,7.3,86738.0476802,9.11
Matelica,9538,18972.5155359179,2559,808,26.83,8.47,0,0,,0,7,49134,7019.14285714286,19.200468933177,0,0,,0,49134,104,6.79,449605.8864493,8.45
Mercatello sul Metauro,1321,16330.2646755922,364,126,27.55,9.54,0,0,,0,0,0,,0,0,0,,0,0,16,7.96,66059.396291,9.46
Mercatino Conca,1016,17148.5321715818,257,78,25.3,7.68,0,0,,0,2,2619,1309.5,10.1906614785992,0,0,,0,2619,7,4.9,23586.87556294,4.75
Mombaroccio,2081,17589.355227882,442,149,21.24,7.16,0,0,,0,2,7114,3557,16.0950226244344,0,0,,0,7114,41,12.24,158974.29007325,13.66
Mondavio,3760,18220.0649443846,960,336,25.53,8.94,0,0,,0,0,0,,0,0,0,,0,0,57,9.56,226455.01385394,10.94
Mondolfo,14345,18130.7142036203,3330,1012,23.21,7.05,0,0,,0,6,12644,2107.33333333333,3.796996996997,0,0,,0,12644,161,6.92,709378.624944111,8.78
Monsampietro Morico,632,16553.5921658986,171,56,27.06,8.86,0,0,,0,0,0,,0,0,0,,0,0,5,6.67,25341.1232826,9.73
Monsampolo del Tronto,4555,17115.5471048513,924,270,20.29,5.93,0,0,,0,0,0,,0,0,0,,0,0,46,6.21,212562.43608288,8.26
Monsano,3343,21760.6615320566,679,204,20.31,6.1,0,0,,0,3,10835,3611.66666666667,15.9572901325479,6,160699,26783.1666666667,236.670103092784,171534,19,3.94,76246.5129302701,4.55
Montalto delle Marche,1977,15994.9828042328,601,227,30.4,11.48,0,0,,0,0,0,,0,0,0,,0,0,25,7.49,107615.0003563,9.28
Montappone,1638,16813.7720651243,423,141,25.82,8.61,0,0,,0,0,0,,0,0,0,,0,0,22,8.3,95811.7801792,10.41
Monte Cavallo,111,14660.9893617021,45,19,40.54,17.12,0,0,,0,1,1693,1693,37.6222222222222,0,0,,0,1693,2,8.33,7198.5775208,8.64
Monte Cerignone,655,15538.0694736842,190,67,29.01,10.23,0,0,,0,2,2619,1309.5,13.7842105263158,0,0,,0,2619,7,6.54,27290.1522114,7.34
Monte Giberto,764,15960.8018018018,203,76,26.57,9.95,0,0,,0,0,0,,0,0,0,,0,0,9,7.38,37936.0746604,8.95
Monte Grimano Terme,1086,13987.9748110831,289,112,26.61,10.31,0,0,,0,2,2619,1309.5,9.06228373702422,0,0,,0,2619,10,6.99,41981.05304607,8.45
Monte Porzio,2803,18038.1297904957,593,180,21.16,6.42,0,0,,0,0,0,,0,0,0,,0,0,22,5.28,100115.35220147,6.91
Monte Rinaldo,337,16807.094488189,107,43,31.75,12.76,0,0,,0,0,0,,0,0,0,,0,0,2,3.51,5631.61109779999,2.84
Monte Roberto,3076,20278.0556088207,597,151,19.41,4.91,0,0,,0,2,7224,3612,12.1005025125628,5,133916,26783.2,224.314907872697,141140,35,7.16,138903.43091594,8.18
Monte San Giusto,7612,17502.7930051321,1741,562,22.87,7.38,0,0,,0,8,20179,2522.375,11.5904652498564,42,862144,20527.2380952381,495.200459506031,882323,80,7.78,340604.40068327,9.54
Monte San Martino,712,15368.9020833333,176,48,24.72,6.74,0,0,,0,1,7931,7931,45.0625,0,0,,0,7931,8,8.7,36138.9895638,11.31
Monte San Pietrangeli,2365,17544.0616559014,588,195,24.86,8.25,0,0,,0,0,0,,0,0,0,,0,0,16,5.19,75049.217036,7.02
Monte San Vito,6876,20190.9506799269,1402,403,20.39,5.86,0,0,,0,2,6981,3490.5,4.9793152639087,0,0,,0,6981,76,7.72,305338.4655178,8.93
Monte Urano,8103,16727.2840112202,1909,608,23.56,7.5,0,0,,0,0,0,,0,1,968,968,0.507071765322158,968,85,7.04,418518.2798138,9.98
Monte Vidon Combatte,409,16273.7583892617,121,52,29.58,12.71,0,0,,0,0,0,,0,0,0,,0,0,6,11.76,33029.3364929,18.65
Monte Vidon Corrado,699,18926.0833333333,188,63,26.9,9.01,0,0,,0,0,0,,0,0,0,,0,0,7,6.67,32539.7008034,8.92
Montecalvo in Foglia,2757,17400.8422729687,560,164,20.31,5.95,0,0,,0,0,0,,0,0,0,,0,0,29,6.52,115388.51403921,7.47
Montecarotto,1892,17892.2916962385,515,177,27.22,9.36,0,0,,0,2,7223,3611.5,14.0252427184466,28,677584,24199.4285714286,1315.69708737864,684807,27,8.68,114976.0198094,10.64
Montecassiano,6982,18633.4540401032,1592,531,22.8,7.61,0,0,,0,13,10000,769.230769230769,6.28140703517588,25,605058,24202.32,380.061557788945,615058,52,6,219097.28272104,7.28
Monteciccardo,1634,,272,88,16.65,5.39,0,0,,0,0,0,,0,0,0,,0,0,22,9.48,76835.86293741,9.54
Montecopiolo,1066,,335,127,31.43,11.91,0,0,,0,3,3928,1309.33333333333,11.7253731343284,0,0,,0,3928,9,5.29,32393.5988436,5.49
Montecosaro,7323,18275.8691440996,1353,432,18.48,5.9,0,0,,0,5,2253,450.6,1.66518847006652,0,0,,0,2253,46,4.81,191251.23619197,5.76
Montedinove,507,15460.6524064171,145,41,28.6,8.09,0,0,,0,1,2899,2899,19.9931034482759,0,0,,0,2899,3,4.76,15371.3078534,7.02
Montefalcone Appennino,395,17116.901459854,125,47,31.65,11.9,0,0,,0,1,2899,2899,23.192,0,0,,0,2899,4,6.78,16683.8758277,8.14
Montefano,3408,18546.9393939394,790,295,23.18,8.66,0,0,,0,1,740,740,0.936708860759494,25,502015,20080.6,635.462025316456,502755,19,4.21,88604.2785849001,5.66
Montefelcino,2540,17656.2466039707,590,187,23.23,7.36,0,0,,0,0,0,,0,0,0,,0,0,36,9.28,156538.9348139,11.62
Montefiore dell'Aso,2001,17060.294758339,578,228,28.89,11.39,0,0,,0,0,0,,0,0,0,,0,0,31,9.94,146716.1447238,13.54
Montefortino,1114,15971.1950920245,295,98,26.48,8.8,0,0,,0,1,2899,2899,9.8271186440678,0,0,,0,2899,11,6.43,54817.4719961,9.23
Montegallo,463,16353.2514124294,180,66,38.88,14.25,0,0,,0,0,0,,0,0,0,,0,0,7,8.43,27461.15244047,9.53
Montegiorgio,6597,17795.7034025251,1673,578,25.36,8.76,0,0,,0,6,22496,3749.33333333333,13.4465032875075,24,481942,20080.9166666667,288.070531978482,504438,72,7.54,338931.21894877,10.22
Montegranaro,12722,18427.1730980048,3042,933,23.91,7.33,0,0,,0,21,78347,3730.80952380952,25.7550953320184,0,0,,0,78347,156,8.53,740131.8427954,11.66
Montelabbate,6974,19171.9963628584,1091,294,15.64,4.22,0,0,,0,6,18717,3119.5,17.1558203483043,0,0,,0,18717,63,6.86,237108.55039534,7.43
Monterubbiano,2147,15609.8977346278,575,220,26.78,10.25,0,0,,0,0,0,,0,0,0,,0,0,29,8.73,134420.78101147,11.66
Montottone,890,15811.7888198758,269,95,30.22,10.67,0,0,,0,0,0,,0,0,0,,0,0,11,7.33,46588.2035481,8.94
Moresco,549,16621.0931372549,157,62,28.6,11.29,0,0,,0,0,0,,0,0,0,,0,0,4,6.56,21741.8345222,10.26
Numana,3777,23435.1117566644,898,272,23.78,7.2,0,0,,0,4,13100,3275,14.5879732739421,0,0,,0,13100,48,7.51,208606.7785121,9.4
Offagna,2036,20584.4232622161,447,117,21.95,5.75,0,0,,0,0,0,,0,0,0,,0,0,20,6.23,75128.7398409699,6.74
Offida,4895,16543.1308566676,1407,555,28.74,11.34,0,0,,0,14,14000,1000,9.9502487562189,0,0,,0,14000,51,7.29,250018.7063434,10.28
Ortezzano,742,15871.4216216216,195,71,26.28,9.57,0,0,,0,0,0,,0,0,0,,0,0,16,10.6,70457.5376352,13.43
Osimo,34847,20813.5997914327,7337,2372,21.05,6.81,0,0,,0,39,80137,2054.79487179487,10.922311571487,0,0,,0,80137,320,5.89,1413194.16465377,7.49
Ostra,6543,17833.3765601862,1521,536,23.25,8.19,0,0,,0,0,0,,0,0,0,,0,0,73,7.09,327101.2028722,9.15
Ostra Vetere,3213,17562.8526048285,890,303,27.7,9.43,0,0,,0,0,0,,0,0,0,,0,0,37,7.89,162923.5041234,10
Petriano,2782,18500.9042437432,571,151,20.52,5.43,0,0,,0,0,0,,0,0,0,,0,0,27,6.77,121858.6151842,8.79
Petriolo,1881,18172.3286969253,505,156,26.85,8.29,0,0,,0,0,0,,0,0,0,,0,0,18,7.03,79543.6653473,8.95
Piandimeleto,2088,17304.9371946964,465,160,22.27,7.66,0,0,,0,4,5238,1309.5,11.2645161290323,0,0,,0,5238,39,9.35,184708.7574996,12.75
Mergo,1010,18644.3360544218,238,88,23.56,8.71,0,0,,0,2,8655,4327.5,36.3655462184874,2,53567,26783.5,225.071428571429,62222,7,4.9,26648.5726897,5.37
Mogliano,4497,18056.762473217,1195,451,26.57,10.03,0,0,,0,3,10000,3333.33333333333,8.36820083682008,40,673000,16825,563.179916317992,683000,37,5.99,150846.9748927,7.03
Monteleone di Fermo,366,17428.0791366907,111,44,30.33,12.02,0,0,,0,0,0,,0,0,0,,0,0,1,1.96,3599.2887604,2.03
Montelparo,732,15001.8561151079,228,85,31.15,11.61,0,0,,0,1,2899,2899,12.7149122807018,0,0,,0,2899,7,7.29,23081.5422696,6.92
Montelupone,3454,18228.0441767068,798,273,23.1,7.9,0,0,,0,0,0,,0,0,0,,0,0,23,4.49,106663.5309381,6
Montemarciano,9864,20520.3498288648,2198,657,22.28,6.66,0,0,,0,4,13963,3490.75,6.35259326660601,25,683737,27349.48,311.072338489536,697700,94,6.18,387759.95372247,7.34
Montemonaco,558,14845.4210526316,161,47,28.85,8.42,0,0,,0,1,2899,2899,18.0062111801242,0,0,,0,2899,6,8.82,23750.8004638,10.06
Monteprandone,12837,16658.8067947838,2422,651,18.87,5.07,0,0,,0,0,0,,0,5,3000,600,1.23864574731627,3000,145,7.08,601909.16501731,8.47
Morro d'Alba,1828,18363.5990990991,440,167,24.07,9.14,0,0,,0,2,7223,3611.5,16.4159090909091,25,197133,7885.32,448.029545454545,204356,44,14.62,171328.6560635,16.39
Morrovalle,9968,18104.8968970381,2193,720,22,7.22,0,0,,0,13,37940,2918.46153846154,17.3005015959872,0,0,,0,37940,88,5.99,371652.7502658,7.29
Muccia,863,18990.0131795717,217,75,25.14,8.69,0,0,,0,4,6772,1693,31.2073732718894,19,310963,16366.4736842105,1433.00921658986,317735,7,4.55,33024.2179257,6.17
Palmiano,171,14545.40625,42,19,24.56,11.11,0,0,,0,0,0,,0,0,0,,0,0,4,13.79,18465.48982307,18.33
Pedaso,2823,18168.6555497655,581,177,20.58,6.27,0,0,,0,0,0,,0,0,0,,0,0,58,12.01,283004.08001927,16.87
Peglio,665,16731.7659574468,137,39,20.6,5.86,0,0,,0,0,0,,0,0,0,,0,0,2,2.38,5631.61109780002,1.93
Penna San Giovanni,988,15586.2615384615,319,128,32.29,12.96,0,0,,0,2,15863,7931.5,49.7272727272727,34,691048,20324.9411764706,2166.2946708464,706911,10,8.7,51999.9331067,13.02
Pergola,6049,17328.0921110621,1809,633,29.91,10.46,0,0,,0,1,3170,3170,1.75234936428966,0,0,,0,3170,77,6.59,334903.21578257,8.26
Petritoli,2234,15561.2650240385,608,230,27.22,10.3,0,0,,0,0,0,,0,48,851021,17729.6041666667,1399.70559210526,851021,20,5.9,96306.5344358999,8.18
Pietrarubbia,622,15271.3119469027,158,63,25.4,10.13,0,0,,0,1,1309,1309,8.28481012658228,0,0,,0,1309,6,6.52,20748.5205025,6.49
Pieve Torina,1352,17955.8128460687,376,131,27.81,9.69,0,0,,0,6,10157,1692.83333333333,27.0132978723404,0,0,,0,10157,16,7.58,64849.64046167,8.85
Piobbico,1879,17123.2941600577,493,180,26.24,9.58,0,0,,0,7,12284,1754.85714285714,24.9168356997972,0,0,,0,12284,27,9.51,137259.3213799,13.91
Pioraco,1031,19801.6127770535,292,106,28.32,10.28,0,0,,0,1,7019,7019,24.0376712328767,0,0,,0,7019,15,8.24,63620.7316727,10.06
Poggio San Marcello,657,17340.0884210526,152,58,23.14,8.83,0,0,,0,0,0,,0,1,26783,26783,176.203947368421,26783,3,3.45,13084.5870673,4.33
Poggio San Vicino,232,14774.7485714286,86,40,37.07,17.24,0,0,,0,0,0,,0,1,26783,26783,311.43023255814,26783,9,19.57,38748.65441117,24.25
Pollenza,6468,18768.641008915,1607,564,24.85,8.72,0,0,,0,2,3607,1803.5,2.24455507156192,40,1096502,27412.55,682.328562538892,1100109,47,5.52,198645.7654952,6.71
Polverigi,4625,21323.7883778745,807,249,17.45,5.38,0,0,,0,3,18150,6050,22.4907063197026,0,0,,0,18150,34,5.31,130366.8911772,5.86
Ponzano di Fermo,1656,17504.0301151461,345,106,20.83,6.4,0,0,,0,0,0,,0,0,0,,0,0,16,6.15,73966.7677353,8.19
Porto Recanati,11952,19671.2362467254,2272,676,19.01,5.66,0,0,,0,16,46848,2928,20.6197183098592,0,0,,0,46848,110,6.56,474785.71425568,8.15
Porto San Giorgio,16054,20973.0441969098,4075,1316,25.38,8.2,0,0,,0,23,64783,2816.65217391304,15.8976687116564,0,0,,0,64783,181,7.38,883306.399320699,10.36
Porto Sant'Elpidio,25646,17084.4799886299,5472,1694,21.34,6.61,0,0,,0,132,268377,2033.15909090909,49.0455043859649,0,0,,0,268377,270,7.17,1286578.50553797,9.83
Potenza Picena,15902,18266.2634886435,3565,1168,22.42,7.34,0,0,,0,11,23628,2148,6.62776998597476,30,747970,24932.3333333333,209.809256661992,771598,137,6.07,601589.144817401,7.67
Rapagnano,1966,16559.0318047337,429,143,21.82,7.27,0,0,,0,2,980,490,2.28438228438228,0,0,,0,980,23,7.4,115418.1144423,10.68
Recanati,21113,19967.2613621306,5012,1654,23.74,7.83,0,0,,0,27,79400,2940.74074074074,15.8419792498005,0,0,,0,79400,170,6.02,763253.479066141,7.78
Ripatransone,4156,16923.762995896,1117,362,26.88,8.71,0,0,,0,0,0,,0,0,0,,0,0,42,7.16,185599.9503519,9.1
Ripe San Ginesio,840,17452.9123376623,229,83,27.26,9.88,0,0,,0,2,15863,7931.5,69.2707423580786,0,0,,0,15863,6,5.56,23519.7584109,6.27
Roccafluvione,1959,16264.8111739745,496,136,25.32,6.94,0,0,,0,0,0,,0,0,0,,0,0,21,6.44,94734.4494457001,8.37
Rosora,1932,19333.1666666667,437,159,22.62,8.23,0,0,,0,3,12266,4088.66666666667,28.0686498855835,3,80350,26783.3333333333,183.867276887872,92616,28,9.46,125141.3593583,12.17
Rotella,846,15693.5875968992,251,96,29.67,11.35,0,0,,0,1,2899,2899,11.5498007968127,0,0,,0,2899,10,6.37,39854.9819417,7.31
San Benedetto del Tronto,47544,19678.5537100233,11640,3741,24.48,7.87,0,0,,0,78,90387,1158.80769230769,7.76520618556701,68,1314435,19329.9264705882,112.923969072165,1404822,559,7.5,2454323.13997606,9.48
San Costanzo,4593,17716.9147982063,990,290,21.55,6.31,0,0,,0,6,12370,2061.66666666667,12.4949494949495,0,0,,0,12370,57,7.66,242796.1659183,9.4
San Ginesio,3236,17005.7596548891,968,359,29.91,11.09,0,0,,0,7,55521,7931.57142857143,57.3564049586777,0,0,,0,55521,32,8.08,136158.4341765,9.9
San Lorenzo in Campo,3254,17178.3984080436,864,337,26.55,10.36,0,0,,0,0,0,,0,0,0,,0,0,50,8.55,208620.1587392,10.27
San Marcello,2000,21067.7013513514,453,135,22.65,6.75,0,0,,0,2,7223,3611.5,15.9448123620309,4,107133,26783.25,236.496688741722,114356,29,8.68,123528.7595289,10.65
San Paolo di Jesi,916,20346.8480243161,231,98,25.22,10.7,0,0,,0,1,3612,3612,15.6363636363636,2,53566,26783,231.887445887446,57178,8,6.3,31060.44120087,7.04
San Severino Marche,12304,18435.0420503717,3354,1188,27.26,9.66,0,0,,0,10,70191,7019.1,20.9275491949911,0,0,,0,70191,153,7.76,636022.09979215,9.29
Santa Maria Nuova,4130,17688.2935494998,975,337,23.61,8.16,0,0,,0,4,14447,3611.75,14.8174358974359,46,1115333,24246.3695652174,1143.93128205128,1129780,31,5.41,134973.323899,6.78
Sarnano,3108,17715.9525939177,884,319,28.44,10.26,0,0,,0,6,47589,7931.5,53.8337104072398,51,1095786,21486,1239.57692307692,1143375,23,5.52,101099.8575473,6.98
Sassofeltrio,1361,,295,76,21.68,5.58,0,0,,0,2,2619,1309.5,8.87796610169492,0,0,,0,2619,9,4.52,36669.8076671,5.31
Sassoferrato,7013,18163.7659531906,1860,658,26.52,9.38,0,0,,0,6,30256,5042.66666666667,16.2666666666667,25,664632,26585.28,357.329032258065,694888,90,7.61,364006.76652687,8.87
Sefro,430,20139.9695945946,128,54,29.77,12.56,0,0,,0,0,0,,0,0,0,,0,0,5,7.94,22569.8853742,10.31
Senigallia,44330,21014.636926063,11104,3601,25.05,8.12,0,0,,0,190,628691,3308.9,56.6184257925072,10,8500,850,0.765489913544669,637191,495,6.78,2140559.25165308,8.44
Serra de' Conti,3715,18670.2243829469,884,287,23.8,7.73,0,0,,0,0,0,,0,0,0,,0,0,43,7.48,194018.2388081,9.71
Serra San Quirico,2660,18042.8748712667,717,277,26.95,10.41,0,0,,0,2,10085,5042.5,14.0655509065551,0,0,,0,10085,33,6.93,126039.7908923,7.62
Sirolo,4082,22196.7766990291,964,293,23.62,7.18,0,0,,0,1,3396,3396,3.52282157676349,0,0,,0,3396,26,4.58,114297.8596707,5.79
Smerillo,332,15018.1035856574,89,35,26.81,10.54,0,0,,0,0,0,,0,0,0,,0,0,3,4.55,13569.1041896,5.92
Tavullia,7909,20559.4478139535,1241,329,15.69,4.16,0,0,,0,10,11200,1120,9.02497985495568,0,0,,0,11200,56,5.68,202938.65221854,5.93
Tolentino,18772,19174.9577516803,4805,1686,25.6,8.98,0,0,,0,109,444671,4079.5504587156,92.5433922996878,0,0,,0,444671,153,6.14,625869.07401357,7.24
Treia,9234,17992.7868131868,2307,839,24.98,9.09,0,0,,0,7,49133,7019,21.2973558734287,31,694658,22408.3225806452,301.108799306459,743791,65,5.55,283398.74964917,6.96
Santa Vittoria in Matenano,1286,16099.903887689,344,131,26.75,10.19,0,0,,0,2,5799,2899.5,16.8575581395349,0,0,,0,5799,12,5.66,48715.703113,6.62
Sant'Angelo in Pontano,1331,16363.953340403,398,159,29.9,11.95,0,0,,0,3,23795,7931.66666666667,59.786432160804,0,0,,0,23795,13,5.91,53052.9840651,6.94
Sant'Angelo in Vado,4031,18241.8813263525,944,284,23.42,7.05,0,0,,0,0,0,,0,0,0,,0,0,41,7.08,184314.16175017,9.17
Sant'Elpidio a Mare,17091,21073.3813743521,3836,1223,22.44,7.16,0,0,,0,0,0,,0,26,497191,19122.7307692308,129.611835245047,497191,204,8.08,975242.971916501,11.12
Sant'Ippolito,1485,16601.3622350674,321,98,21.62,6.6,0,0,,0,0,0,,0,0,0,,0,0,14,6.39,59402.92106547,7.81
Serra Sant'Abbondio,961,15766.9724770642,312,116,32.47,12.07,0,0,,0,4,7020,1755,22.5,0,0,,0,7020,10,5.49,37681.6762117,5.96
Serrapetrona,913,17426.5285285285,223,74,24.42,8.11,0,0,,0,1,7931,7931,35.5650224215247,0,0,,0,7931,1,0.79,4065.56805409998,0.92
Serravalle di Chienti,1042,16192.437751004,321,111,30.81,10.65,0,0,,0,5,8465,1693,26.3707165109034,0,0,,0,8465,5,3.14,19607.0575683001,3.55
Servigliano,2249,16549.4611930725,554,213,24.63,9.47,0,0,,0,0,0,,0,0,0,,0,0,22,5.61,100588.1785229,7.39
Spinetoli,7309,17189.5314503205,1446,419,19.78,5.73,0,0,,0,14,14000,1000,9.68188105117566,0,0,,0,14000,56,5.23,241594.29000734,6.5
Staffolo,2174,17668.3713027061,525,202,24.15,9.29,0,0,,0,4,17309,4327.25,32.9695238095238,4,107133,26783.25,204.062857142857,124442,15,4.41,53989.3314060001,4.57
Tavoleto,865,15614.0785953177,212,73,24.51,8.44,0,0,,0,2,2619,1309.5,12.3537735849057,0,0,,0,2619,8,7.02,27664.51582087,6.99
Torre San Patrizio,1955,15920.381147541,542,206,27.72,10.54,0,0,,0,0,0,,0,0,0,,0,0,28,9.09,134618.8297297,12.58
Urbania,6961,18489.3500304198,1507,482,21.65,6.92,0,0,,0,20,38378,1918.9,25.4664897146649,51,1138500,22323.5294117647,755.474452554745,1176878,58,5.82,264783.10903897,7.65
Urbino,13929,20548.1399232246,3661,1139,26.28,8.18,0,0,,0,25,65201,2608.04,17.8096148593281,0,0,,0,65201,209,8.89,923378.92807484,11.31
Urbisaglia,2525,17530.8394736842,628,240,24.87,9.5,0,0,,0,0,0,,0,53,1352084,25511.0188679245,2153,1352084,24,7.02,103594.2472377,8.72
Ussita,395,16454.5153583618,111,38,28.1,9.62,0,0,,0,3,6057,2019,54.5675675675676,13,349326,26871.2307692308,3147.08108108108,355383,5,9.09,25341.1232826,13.27
Venarotta,1977,18055.0423317141,522,162,26.4,8.19,0,0,,0,0,0,,0,0,0,,0,0,12,4.03,50264.3213713999,4.86
Visso,1024,17841.5311258278,303,109,29.59,10.64,0,0,,0,5,8464,1692.8,27.9339933993399,0,0,,0,8464,14,6.64,47857.508659,6.53
Civitanova Marche,42167,19962.0009566762,9313,2847,22.09,6.75,80,270794,3384.925,29.0769891549447,5,10000,2000,1.07376785139053,57,90000,1578.94736842105,9.66391066251476,370794,385,6.24,1696662.72048861,7.92
Vallefoglia,14969,18890.3779682727,2574,698,17.2,4.66,0,0,,0,25,94000,3760,36.5190365190365,0,0,,0,94000,163,8.17,614358.62346024,8.87
Trecastelli,7565,17003.4269579707,1516,438,20.04,5.79,0,0,,0,0,0,,0,0,0,,0,0,69,5.87,300453.4538144,7.36
Colli del Tronto,3673,18088.6369254538,746,229,20.31,6.23,0,0,,0,7,7000,1000,9.38337801608579,0,0,,0,7000,26,4.72,109907.2241895,5.74
Terre Roveresche,5226,17071.8002059732,1318,452,25.22,8.65,0,0,,0,0,0,,0,0,0,,0,0,56,6.81,244197.1458684,8.55
Colli al Metauro,12261,18703.8782150975,2316,661,18.89,5.39,0,0,,0,0,0,,0,0,0,,0,0,90,5.26,397550.60570008,6.69
Valfornace,956,17955.7552552553,274,115,28.66,12.03,0,0,,0,5,8464,1692.8,30.8905109489051,0,0,,0,8464,22,10.19,94339.9909837,12.57
Sassocorvaro Auditore,4883,17675.9606936416,1183,364,24.23,7.45,0,0,,0,9,11784,1309.33333333333,9.96111580726965,0,0,,0,11784,55,7.53,245052.44759648,9.66
